區處別,淨水場名稱,X座標(TWD97),Y座標(TWD97),主要供水轄區,原水來源
1,二坪淨水場,315789.4407,2785814.023,北市萬里區、基?市基?一?、基?二?、基?三?等地區,二坪湧泉
1,中幅淨水場,317998.1976,2784237.323,新北市萬里區、基?市基?一?、基?二?、基?三?等地區,瑪鋉溪
1,六堵淨水場,320864.2537,2776422.269,六堵工業區及七堵區,瑪陵坑溪
1,白雲淨水場,316528.5562,2771357.04,汐止水源路二段.汐碇路,康誥坑溪
1,安樂淨水場,323740.2223,2780864.002,基隆市中山區及安樂區,瑪鋉溪
1,員山淨水場,332908.9227,2777158.981,新北市瑞芳區市區含猴硐大寮工業區四腳亭地區,基隆河、蛇形溪
1,貢寮淨水場,342879.3258,2767306.891,新北市貢寮區、雙溪區、瑞芳區及基隆市,雙溪
1,新山淨水場,322645.4729,2780420.559,基隆市之安樂、中山、仁愛、信義、中正、七堵等六個行政區及港區船舶用水、台北縣汐止市等地區,基隆河、新山水庫、東勢溪、瑪鋉溪
1,暖暖淨水場,323985.3846,2776572.893,基隆市之暖暖區、七堵區、仁愛區及台北縣四腳亭地區,基隆河、西勢水庫、東勢溪
1,萬里淨水場,319220.6424,2785878.387,萬里全區,萬里湧泉
1,小格頭淨水場,315200.5332,2760613.917,新北市石碇區,烏塗溪
1,平溪淨水場,325824.5222,2767568.474,新北市平溪區,芊蓁林溪
1,石碇淨水場,315982.7384,2766740.068,新北市深坑區、石碇區,烏塗溪
1,坪林淨水場,322031.7059,2759220.496,新北市坪林區、深坑區、石碇區,北勢溪
1,北投子淨水場,296848.545,2785243.955,新北市淡水區,北投子湧泉
1,老梅淨水場,305637.0888,2794879.134,新北市三芝區及石門區,老梅溪、四合興圳
1,湧泉淨水場,296940.7505,2785397.355,新北市淡水區,雙峻頭湧泉
1,樹興淨水場,299230.5448,2785051.228,新北市三芝區及石門區,公司田溪
1,興華淨水場,301322.6872,2787343.585,新北市三芝區及石門區,公司田溪
1,林莊淨水場,310205.5778,2789063.708,金山全區,頂中股圳、磺溪
1,烏來淨水場,305851.7378,2750931.839,新北市烏來區,桶後溪
2,大湳淨水場,278905.651,2762751.055,"(林口區) :全區、惟太平里少部分用戶供水，大多使用簡易自來水。
(五股區)福德里登林路部分地區。
(桃園區)：全區。
(八德區)全區，其中大仁、大安2里部分由板新廠供水。
(蘆竹區)全區。
(龜山區)全區，其中山德、山頂里少部分由板新廠供水。
(泰山區)南林路(約179戶)",石門水庫
2,大溪淨水場,285872.8161,2746594.989,(大溪區)目前只供應一心、田心、一德等3里。,龍眼溪
2,平鎮淨水場,269565.9521,2754804.012,"(平鎮區)：全區，其中偏遠地區部份用戶尚未供水。
(中壢區)：全區，其中偏遠地區部份用戶尚未供水。
(楊梅區)：全區，其中偏遠地區部份用戶尚未供水。
(大園區)：全區，但有零星用戶(舊有房屋)無使用執照及少部分使用地下水沒申請供水。
(觀音區)：全區，但有零星用戶(舊有房屋)無使用執照、少部分使用地下水沒申請供水。
(八德區)宵裡里新生路坎頂路、白鷺里興仁路、廣福路1356巷、東泰新村、龍友里榮友新村、龍宮街。
(桃園區)龍山里龍山街龍門街。",石門水庫
2,石門淨水場,269405.648,2757795.444,"(楊梅區):湧平、青山、高榮、高上、高山、九斗里。
(新屋區):頭洲里(部分)。
(平鎮區):宋屋、廣仁、平興、復旦、義民、新榮、義興、新勢、廣達、廣達、復興里部分用水",石門水庫
2,龍潭淨水場,274053.7395,2757802.8,"(龍潭區)全區，除三水村部分用戶尚未供水(因管線未到達)。
(大溪區)全區，除新峰、瑞興少部分尚未供水。
(平鎮區)東勢里中興路九龍段部分地區。",石門水庫
2,復興淨水場,285872.8161,2746594.989,(復興區)目前只供應三民、澤仁等2村，另華陵村使用簡易自來水(尚有7村未供水)。,詩郎溪
3,第一淨水場,248771.5717,2743293.3,"新竹市東區:綠水里  北區:西門里、潛園里、中央里、仁德里、崇禮里、石坊里、興南里、西雅里、育英里、曲溪里、台溪里、南勢里、大鵬里、客雅里、中雅里、北門里、水田里、新民里、長和里、中興里、新雅里、中山里、民富里、文雅里、磐石里、大同里、光田里、士林里、福林里、古賢里、境福里、武陵里。
",頭前溪(隆恩堰）
3,第二淨水場,250124.3529,2744014.286,新竹市東區水源里、千甲里、北區:光華里、湳雅里、金華里、舊社里、金竹里、金雅里、湳中里、南寮里、康樂里、海濱里、舊港里、港北里、中寮里、公道五路、新竹科學園區、竹北市、湖口鄉鳳山村(含新竹工業東區)、波羅村、湖南村、湖鏡村、中勢村、信勢村、愛勢村、仁勢村、孝勢村、中興村、信義村、中正村、勝利村、德盛村、新豐鄉瑞興村。,頭前溪(隆恩堰）
3,湳雅淨水場,247668.0142,2746320.486,湖口鄉鳳山村、鳳凰村(含新竹工業西區)、波羅村、新豐鄉青埔村、瑞興村、坡頭村、埔和村、新豐村、員山村、山崎村、忠孝村、中崙村、上坑村、鳳坑村、崎頂村、重興村、松林村、松柏村。,頭前溪
3,寶山淨水場,253739.662,2738499.238,"新竹科學園區之工業用水及新竹市關東橋地區、寶山鄉、竹東鎮二重
埔地區之民生用水",寶山水庫、寶二水庫
3,員崠淨水場,260085.625,2734175.977,竹東鎮除其中員山、頭重、柯湖(竹中)、二重里、三重里由寶山場供水、陸豐里部分由芎林場供水、竹東鎮上坪、瑞峰由桃山場供水外全部。,上坪溪、竹東圳、油羅溪
3,尖石淨水場,276712.8023,2737489.357,尖石鄉嘉樂、新樂、水田、義興。,地面水(山澗水流入油羅溪)
3,梅花淨水場,270246.8133,2729284.504,尖石鄉錦屏、梅花。,地面水(山澗水流入油羅溪)
3,北埔淨水場,257055.0957,2729445.762,北埔鄉、峨嵋鄉。,大坪溪
3,桃山淨水場 ,260793.4657,2721739.503,"五峰鄉桃山、清泉、大隘。  
竹東鎮上坪、瑞峰。",白蘭溪
3,內灣淨水場,268626.5249,2733240.719,橫山鄉內灣村、豐田村(九芎坪、油羅)、力行村。,油羅溪
3,新埔淨水場,258469.344,2746984.122,新埔鎮全鎮，惟巨埔里、鹿鳴里、清水里、北平里、新北里、南平里等里之高地區尚未供水、關西鎮東平里(該里高地區尚未供水)。,鳳山溪
3,明德淨水場,238263.7663,2720040.049,"苗栗市全市(不含高地區如新英里、龍岡道等)。
頭屋鄉全鄉，惟山區鳴鳳村、飛鳳村等少部分尚未供水。
造橋鄉：錦水、大西、大龍。
後龍鎮：大庄里、中龍里、北龍里、埔頂里、復興里、龍坑里、龍津里、豐富里。
頭份鎮濫坑(邊緣約10戶)。",明德水庫
3,後龍溪伏流水取水站,234433.4133,2719379.594,後龍鎮,地面水體
3,苗三淨水場,231578.6936,2715971.789,苗栗市水源、勝利里、南苗地區供水。,苗三淺井
3,苗四淨水場,233794.6457,2718860.987,苗栗市嘉盛、北苗里，為尖峰時段補充供水場站。,苗四淺井
3,大湖淨水場,237382.0666,2702391.047,大湖鄉：大湖村部分、南湖村、義和村、大寮村、武榮村、栗竹村。,寬口井4口
3,大湖第二淨水場,236324.0305,2702392.037,大湖鄉：大湖村部分、復興村、靜湖村、大南村、明湖村、泰安鄉清安村,寬口井1口
3,東興淨水場,241995.9827,2729252.563,"竹南鎮全鎮，崎頂工業區、竹南科學園區。
頭份鎮全鎮，頭份工業區。
造橋鄉:造橋村、平興村、朝陽村、談文村、龍昇村、豐湖村、坪埔村。
後龍鎮:埔頂里、新民里、校椅里、海寶里、彎寶里、東明里、大山里、海埔里、外埔里、秀水里、水尾里、溪洲里。",永和山水庫
3,三義淨水場,229715.0416,2699337.792,三義鄉(廣盛村)。,三義淨水場2口深井
3,中興淨水場,229552.2284,2709968.23,銅鑼鄉(中平村、私有中興工業區)。,中興寬口井
3,水美淨水場,225901.5129,2699377.034,三義鄉(勝興村)。,三義水美深井
3,草寮淨水場,227192.7483,2702246.844,銅鑼鄉全鄉、竹科4期銅鑼基地，西湖鄉(下埔、五湖、高埔、四湖、龍洞等村)。,三義草寮深井
3,裕隆淨水場,224527.9056,2696965.02,三義鄉(西湖村)。,三義裕隆2口深井
3,南庄淨水場,250085.3673,2721240.355,"南庄鄉全鄉，惟山區向天湖、鹿場、蓬萊、東河等高地部落尚未供水。
三灣鄉大河底、下林坪、三灣、銅鏡、北埔、頂寮、永和、內灣村全部供水。",南江河
3,芎林淨水場,260241.7756,2738086.957,芎林鄉全鄉及竹東鎮陸豐里。,頭前溪(竹林橋)
3,關西淨水場,267766.1776,2741769.549,關西鎮除南新里及仁安里、大同里等里之高地區尚未供水。,鳳山溪
4,823九路井,218454.2154,2675759.281,台中市北屯區,823九路井
4,823十路井,218462.2376,2675894.823,台中市北屯區,823十路井
4,八張犁2-1號井,214055.289,2677072.617,台中市西屯區,八張犁2-1號井
4,八張犁2號井,214045.2525,2677080.727,台中市西屯區,八張犁2號井
4,八張犁3號井(新),213745.9805,2677161.23,台中市西屯區,八張犁3號井(新)
4,八張犁6-1號井,213610.0546,2676842.722,台中市西屯區,八張犁6-1號井
4,八張犁7號井,214254.8297,2676880.512,台中市西屯區,八張犁7號井
4,八張犁8號井,213655.3499,2676877.271,台中市西屯區,八張犁8號井
4,三信河南井,215780.6132,2673603.487,台中市西屯區,三信河南井
4,三信漢口井,215770.1781,2673447.463,台中市西屯區,三信漢口井
4,上楓淨水場,216709.4912,2681452.429,大雅民生路上楓淨水場附近,上楓3號井
4,大里2號井,222460.5093,2665503.546,台中市大里區,大里2號井
4,大里運動公園井,217803.3632,2666039.248,台中市大里區,大里運動公園井
4,大湳2號井,221819.038,2685611.444,台中市豐原區,豐原區三豐路二段地下水源
4,大湳3號井,221766.5086,2685234.658,台中市豐原區,豐原區三豐路二段地下水源
4,工業10號井,213268.562,2672300.226,台中市西屯區,工業10號井
4,工業6號井,212104.7131,2673450.778,台中市西屯區,工業6號井
4,工學北路井,215548.577,2668246.238,台中市南區,工學北路井
4,仁里淨水場,223783.2107,2690359.951,后里高地區,泰安2號井
4,公正井,215968.4302,2671538.41,台中市西區,公正井
4,公益井,215192.3692,2671686.589,台中市西區,公益井
4,公館淨水場,212569.4942,2681674.118,沙鹿區西勢、公明、清泉、晉江(部份)等四里,公館1號井、公館2號井、忠義2號井、仁愛1號井
4,日新公園井,218735.7697,2668188.72,台中市大里區,日新公園井
4,水規所井,219551.9675,2663593.04,台中市霧峰區,水規所井
4,甲南淨水場,209032.4219,2688835.289,清水區:國姓里、下湳里、菁埔里、田寮里,地下水
4,光興1號井,222450.2735,2665520.511,台中市太平區,光興1號井
4,光興2號井,222450.2735,2665520.511,台中,光興2號井
4,竹林1號井淨水場,206446.123,2682035.649,沙鹿區竹林里,竹林1號井
4,西寧淨水場,206834.4055,2685821.56,清水區:西寧里、橋頭里,地下水
4,沙鹿11號井淨水場,207658.725,2678541.581,沙鹿區六路里,沙鹿11號井
4,沙鹿12號井淨水場,207397.319,2680868.445,配水中心補充水源,沙鹿12號井
4,沙鹿15號井淨水場,207511.102,2681119.814,配水中心補充水源,沙鹿15號井
4,沙鹿3號更新井淨水場,207516.341,2680861.857,配水中心補充水源,沙鹿3號更新井
4,沙鹿4號更新井淨水場,207332.588,2681132.726,配水中心補充水源,沙鹿4號更新井
4,沙鹿5號更新井淨水場,208045.37,2679890.083,隧道入口補充水源,沙鹿5號更新井
4,沙鹿淨水場,206218.628,2680509.223,沙鹿區興仁里、興安里、美仁里、沙鹿里、洛泉里,沙鹿2.3.6.8.10.13井
4,坪林1井,222450.3699,2671511.761,台中,坪林1井
4,坪林2井,222393.5189,2671437.558,台中,坪林2井
4,坪林3井,222610.2364,2671411.113,台中,坪林3井
4,坪林4井,222779.9714,2671527.407,台中,坪林4井
4,忠義淨水場,211887.8298,2681178.111,大雅區：忠義里及(六寶里、秀山里、橫山里)部分。,忠義１號深井
4,明秀淨水場,207224.449,2679579.107,沙鹿區北勢里、福興里,明秀1.2井
4,東光1號井,219589.5458,2673812.457,台中,東光1號井
4,東光3號井,219550.2947,2673371.419,台中,東光3號井
4,東光5號井,219478.5817,2672909.741,台中,東光5號井
4,東峰14號井,217975.4775,2668843.062,台中,東峰14號井
4,東峰15號井,218262.9373,2668892.145,台中,東峰15號井
4,東興井,214770.635,2672183.239,台中,東興井
4,長春井,217459.7896,2669536.533,台中,長春井
4,青海井,213171.8421,2674545.746,台中,青海井
4,南和忠明井,216284.6277,2668205.937,台中,南和忠明井
4,南和高工井,216280.3844,2667830.17,台中,南和高工井
4,美術英才井,215979.2004,2670857.154,台中,美術英才井
4,英才井(新),216647.9217,2672284.039,台中,英才井(新)
4,烏日淨水場,212122.145,2666555.014,烏日區烏日里、湖日里,地下水
4,神岡淨水場,215300.7248,2684232.401,"清水區：東山、海風、楊厝、吳厝里。
神岡區：神岡、庄前、庄後、北庄、新庄、圳前、圳堵、山皮等八里。",神岡2號井、神岡3號井、神岡5號井
4,訓練所井,212814.2121,2672027.074,台中,訓練所井
4,清水淨水場,207292.2663,2684739.432,清水區：鰲峰里、西寧里、北寧里、中興里、文昌里、靈泉里、南寧里、清水里、橋頭里、西社里、南社里、裕嘉里、秀水里、中社里、、臨江里、武鹿里、海濱里、?榔里,地下水
4,清泉淨水場,208493.4775,2689055.27,清水區：高北里、高美里、高西里、高南里、高東里,地下水
4,許厝淨水場,210242.815,2686091.944,台中清水區：吳厝里,許厝1號井
4,博愛井,222843.6824,2673386.456,台中,博愛井
4,喀哩淨水場,214561.2709,2661619.689,烏日溪南地區,地下水
4,港尾1號井,215616.0837,2677499.355,台中,港尾1號井
4,港尾2號井,215532.8376,2677479.068,台中,港尾2號井
4,港尾3號井,215704.506,2677728.066,台中,港尾3號井
4,溪南井,223419.4257,2672684.538,台中,溪南井
4,萬福井,223439.0678,2672319.579,台中,萬福井
4,寧夏漢口井,215671.7063,2673401.517,台中,寧夏漢口井
4,福平井,222032.2698,2669021.468,台中,福平井
4,福星2號井,214260.8718,2674153.12,台中,福星2號井
4,福星3號井(新),214387.4461,2674101.082,台中,福星3號井(新)
4,管線隊井,218260.5368,2671326.563,台中,管線隊井
4,遠太淨水場,206965.097,2677919.056,沙鹿區埔子里,埔子1井
4,樂成一心井,219744.6712,2670164.879,台中,樂成一心井
4,樂成長福井,219925.0866,2670170.809,台中,樂成長福井
4,黎明井,211923.1977,2672109.061,台中,黎明井
4,龍井山頂區淨水場,205473.379,2676274.658,沙鹿區龍泉里,台中系統
4,嶺東井,212497.8476,2671212.551,台中,嶺東井
4,舊社淨水場,220494.2322,2688088.25,后里區舊社,舊社4號井、后里4號公園井
4,豐原第一淨水場,225542.781,2685451.015,豐原區、潭子區,豐原區豐勢路地下水源
4,豐原第二淨水場,225911.3705,2685481.615,豐原區、潭子區,"石岡區明德路地下水源
"
4,鯉魚潭淨水場,222349.8695,2690727.062,大台中地區,鯉魚潭水庫
4,麗園1號井,222921.5394,2672597.431,台中,麗園1號井
4,麗園2號井,222904.8475,2672690.161,台中,麗園2號井
4,?子1號井,222786.3238,2673732.33,台中,?子1號井
4,?子2號井,222677.4338,2673539.279,台中,?子2號井
4,?興井,221667.045,2672790.144,台中,?興井
4,新社淨水場,230399.3869,2679242.375,"(新社區)市區。
(石岡區)南眉、營林巷。",地下水：馬力埔寬口井。
4,谷關淨水場,250942.5531,2677813.146,(和平區)谷關用戶3戶。,地下水：橫流溪湧泉(八仙山山泉水)。
4,吉峰1號井淨水場,221114.1637,2663468.081,霧峰區吉峰里,吉峰1號井
4,坑口淨水場,218754.9922,2660156.096,"坑口、峰谷、四德、南柳、北柳、五福
",坑口1、3、5、6、7號井
4,舊正1號井淨水場,218271.4425,2656744.977,"六股、丁台、萬豐、南勢、北勢
",舊正1號井
4,舊正2號井淨水場,218601.9796,2656704.379,"六股、丁台、萬豐、南勢、北勢
",舊正2號井
4,舊正3號井淨水場,219044.047,2656960.354,"六股、丁台、萬豐、南勢、北勢
",舊正3號井
4,霧峰淨水場,219538.1701,2662558.778,"霧峰市區中正路以東地區
",霧峰1號井、霧峰2號井
4,東勢淨水場,232302.4563,2683521.622,(石岡區)僅供和盛、德興、土牛及梅子里；南眉、龍興、頭坪、二坪、食水嵙由新社系統供水，其餘皆由豐原給水廠支援供水。,地下水：東勢1、2號寬口井。
4,慶東淨水場,233614.8725,2677481.349,(東勢區)除茂興、明正里由卓蘭系統供水，埤頭、泰興里由豐原給水廠支援供水外，其餘皆由該場供水。,"地面水：後池堰取水塔站。
地下水：後池堰2及3號深井、慶東2及3號寬口井。"
4,卓蘭淨水場,232785.4923,2688790.038,"苗栗縣：(卓蘭鎮)全鎮。三義鄉:鯉魚潭村15、16鄰
台中市：(東勢區)茂興（上圓屯)、明正。",地下水：卓蘭1~5號深井、內灣1~2號深井。
4,梨山淨水場,276623.194,2683654.648,(和平區) 梨山、松茂。,地面水：合歡溪。
4,埔里第一淨水場,246946.273,2648071.018,東門里、西門里、同聲里、薰化里、清新里、枇杷里、杷城里、珠格里、水頭里、溪南里、麒麟里、南門里,一淨1號井、一淨4號井、一淨5號井、一淨6號井
4,埔里第二淨水場,244911.706,2651601.947,西門里、薰化里、清新里、南門里、鐵山里、大城里、愛蘭里、桃米里、南村里,二淨寬口井
4,埔里第三淨水場,247333.748,2651678.815,東門里、西門里、北門里,三淨深井、三淨淺井
4,埔里第五淨水場,248954.134,2652439.067,枇杷里、蜈蚣里、大湳里、北安里、泰安里、廣成里、史港里、福興里、一新里、北梅里,五淨1、2、3、4號井
4,籃城淨水場,246504.588,2653811.883,東門里、西門里、枇杷里、大城里、籃城里、北安里、北梅里、泰安里,籃城1號井、籃城2號井、中台2號井、產業微型園區1號井、產業微型園區2號井
4,大坪頂淨水場,242917.264,2657781.913,合成里,大坪頂場內深井、水流東深井
4,春陽淨水場,266821.878,2657973.4,大同村、春陽村,濁水溪
4,霧社淨水場,264477.011,2657571.027,已無出水,已無出水
4,公林淨水場,245906.055,2639507.094,大林村、共和村,山澗水、公林深井
4,日月潭淨水場,242002.087,2640093.429,大雁村、中明村、五城村、水社村、東池村、武登村、魚池村、新城村、頭社村、新興村,日月潭水
4,東光淨水場,248028.188,2640583.25,東光村 ,東光深井
4,武登淨水場,240139.257,2637284.984,已無出水,已無出水
4,德化淨水場,243033.007,2638778.356,日月村,日月潭水、伊達邵國小租井、德化1井、德化2井
4,大肚淨水場,204284.57,2671904.745,大肚區成功里、永順里、磺溪里、頂街里、大肚里、永和里、大東里、新興里,大肚1245井、台紙1.2井
4,福山淨水場,204595.979,2669076.662,大肚區社腳里、營埔里、福山里、中和里、王田里,福山1.2.3.4井
4,三興淨水場,217275.3271,2644614.74,南投市三興里、彰和里,三興深井
4,永興淨水場,214842.7126,2643282.643,南投市永興里,永興深井
4,南崗淨水場,216130.1217,2646878.859,"南投市永豐里、新興里、福山里、鳳鳴里、永興里
彰化縣大竹村、中崙村、同安村、進芬村",南崗1、2、3、3-1、4、5、8、9、11、13、15、16、17、18、19號井
4,炭寮淨水場,216968.3343,2635937.306,南投縣名間鄉炭寮村、崁腳村、埔中村,炭寮深井
4,崁腳淨水場,215964.3166,2636584.182,南投縣名間鄉新光村、崁腳村,崁腳深井
4,粗坑淨水場,231419.5518,2642147.582,南投縣中寮鄉和興村、八仙村、崁頂村、福盛村、永福村,粗坑取水口(平林溪)
4,廈新淨水場,218943.3259,2641417.097,南投縣名間鄉新厝村、新光村,廈新深井
4,新街淨水場,218943.3259,2641417.097,南投縣名間鄉東湖村、新街村、田仔村、大庄村、大坑村、竹圍村、三崙村、松山村、埔中村,新街1、2、3號井
4,嘉和淨水場,218253.9244,2643429.767,"南投市嘉和里、振興里、三民里、三和里、康壽里
南投縣中寮鄉永平村、廣福村、義合村",嘉和1、2、3號井、寬口井
4,嘉和第二淨水場,217327.355,2643761.866,南投市嘉和里、三興里,嘉和5、6、7號井
4,水里淨水場,235285.2822,2634584.515,水里、集集、竹山、信義,水里溪
4,坪頂埔淨水場,217742.3456,2630060.152,延正里,集集淨水場支援
4,集集淨水場,228438.9439,2635853.559,集集、竹山、南投、草屯,水里溪
4,瑞竹淨水場,215680.7313,2617426.117,瑞竹里,瑞竹寬口井
4,信義淨水場,235816.567,2620702.015,信義,水里溪，由水里淨水場供水
4,大甲第一淨水場,212133.1106,2692649.098,大甲區朝陽里、中山里、薰風里、南陽里、大甲里、岷山里、孔門里、順天里,溫寮溪地面水、大甲3、4號井
4,大安淨水場,207951.4932,2694754.214,大安區南埔里、東安里、南庄里、中庄里、龜殼里,大安1、2號井
4,日南淨水場,215462.532,2699280.283,大甲區日南里、龍泉里、銅安里、建興里、西岐里、福德里,日南6、7號井
4,頂店淨水場,212388.7257,2694132.524,大甲區頂店里、奉化里、岷山里,頂店1、2號井
4,外埔淨水場,215341.6114,2691765.893,未出水,因水質不合格，未出水
4,林子頭淨水場,216712.7595,2651774.399,草屯市區,地下水
4,草屯第一淨水場,218776.7769,2652987.63,草屯市區,鳥嘴潭地面水
4,草屯第二淨水場,217370.558,2653562.877,草屯市區、芬園鄉,地下水
4,草屯第三淨水場,216945.4353,2652655.45,草屯市區,地下水
4,草屯第四淨水場,220207.2293,2652593.214,草屯市區,地下水
4,營盤口淨水場,217704.944,2648485.535,南投市、中寮鄉,地下水、南投所支援
4,坪頂淨水場,216950.0892,2619251.346,坪頂里,瑞竹淨水場支援
4,鹿谷淨水場,225828.9035,2625636.767,鹿谷鄉,北勢溪地面水
4,民和淨水場,242847.3973,2632235.638,民和、地利,由民和淨水場深井供水
4,人倫淨水場,239376.1177,2630657.48,人倫,人倫取水口抽水站
4,羅娜淨水場,236007.1701,2610529.482,羅娜,羅娜取水口抽水站
4,國姓大旗尾淨水場,236985.538,2659939.856,大石村、大旗村、北山村、北港村、石門村、長流村、長福村、長豐村、柑林村、乾溝村、國姓村、福龜村、南港村,北港溪(主要)、長流溪(備用)
5,大林第一淨水場,195079,2611436,嘉義縣大林鎮、溪口鄉(妙崙村、坪頂村、柳溝村、疊溪村等4村),地下水
5,公園淨水場,196580,2597986,嘉義市、嘉義縣溪口鄉、民雄鄉、新港鄉、鹿草鄉、水上鄉、六腳鄉、朴子市、東石鄉、布袋鎮、義竹鄉、太保市、大林鎮,八掌溪水系八掌溪
5,水上淨水場,187337,2591187,嘉義縣市、台南縣,高屏溪水系 支流:楠梓仙溪石水山山澗水
5,石弄淨水場,204959,2589332,嘉義縣中埔鄉(中埔村、石弄村、同仁村、頂埔村、瑞豐村及深坑村),八掌溪水系支流赤蘭溪支流石?溪上游無名溝
5,竹崎淨水場,208577,2601544,嘉義縣竹崎鄉、番路鄉,朴子溪引水源支流牛稠溪
5,新港淨水場,186410,2606047,嘉義縣新港鄉、溪口鄉,地下水
5,觸口淨水場,213310,2630300,嘉義縣中埔鄉鹽館村﹐龍門村﹐中埔村﹐灣潭村﹐同仁村﹐深坑村﹐頂埔村﹐石?村﹐瑞豐村﹐澐水村﹐裕民村﹐金蘭村﹐富收村﹐和美村﹐義仁村﹐三層村,八掌溪水系八掌溪
5,蘭潭淨水場,196413.4025,2596507.06,嘉義市東區、中埔、水上,蘭潭水庫取水站
5,大埔淨水場,208888,2577584,嘉義縣大埔鄉(大埔村、茄苳村、和平村及西興村),曾文溪水系支流龍蛟溪(大坑內坑上流大埔給水站)
5,三條崙淨水場,164227,2616768,雲林縣四湖鄉廣溝村、林厝村、林東村、飛沙村、三姓村、箔子村、泊東村、內湖村、飛東村、崙南村、崙北村、崙中村、下崙村、崙東村,地下水井
5,大北勢淨水場,200177.3669,2624626.03,雲林縣斗六市大北勢工業區,大北勢1號井＼大北勢2號井＼大北勢3號井＼大北勢4號井
5,水林淨水場,173314,2607766,雲林縣水林鄉,地下水
5,半天寮淨水場,205930,2607166,雲林縣梅山鄉,北港溪水系支流三疊溪(梅山鄉自來水)
5,古坑淨水場,205187,2616365,雲林縣古坑鄉、梅山鄉、斗六市部分里,地下水
5,石榴淨水場,208496,2623554,雲林縣斗六市斗六工業區,地下水
5,西螺淨水場,195593,2632842,雲林縣西螺鎮、二崙部分,地下水一般水源
5,拔拉腳第二淨水場,167868,2608906,雲林縣口湖鄉除下崙村、崙中村、崙東村外全部,地下水
5,林內淨水場,208806,2627662,雲林縣西螺﹐斗南﹐斗六﹐口湖等二十鄉鎮市及嘉義縣梅山鄉,濁水溪水系 支流:濁水溪(集集攔河堰)
5,阿丹淨水場,201305,2615414,雲林線斗南鎮、大埤鄉,地下水
5,崁腳淨水場,202834,2611949,雲林縣古坑鄉、梅山鄉,地下水
5,埤仔頭淨水場,206489,2622198,雲林縣斗六市,地下水
5,麥寮第一淨水場,173414,2627592,"麥寮鄉全部(三盛村,瓦嗂村,後安村,施厝村,海豐村,崙後村,麥津村,麥豐村,新吉村,雷厝村,橋頭村,興華村)等沿線用戶",地下水井
5,湖山淨水場,208336.88,2622873.768,雲林縣、北嘉義、南彰化,湖山水庫
5,番社淨水場,184692,2631304,雲林縣二崙部分、崙背部分,地下水
5,阿里山淨水場,230846,2601076,嘉義縣阿里山森林遊樂區、嘉義縣阿里山鄉(中山村、中正村及香林村),高屏溪水系 支流:楠梓仙溪石水山山澗水
5,石棹淨水場,219381.4747,2596784.664,竹崎鄉石?村,石桌湖底溪取水口
5,達邦淨水場,224685,2594026,嘉義縣阿里山鄉(達邦村),曾文溪水系曾文溪支流櫻花溪
5,樂野淨水場,220832,2597569,嘉義縣阿里山鄉(樂野村、竹崎鄉中和村、番路鄉公田村、公興村),曾文溪引水源 支流:山澗水
6,山上淨水場,185029.9938,2555664.682,山上場未供水，僅處理後至潭頂場做二次處理。,曾文溪水系曾文溪(玉峰堰)
6,白河淨水場,191305.48,2583336.46,臺南市白河區 、東山區等2個鄉鎮市區,急水溪水系急水溪支流白水溪白河水庫
6,南化淨水場,199160.88,2553717.72,台南市及支援高雄。,曾文溪水系曾文溪支流後堀溪南化水庫
6,烏山頭淨水場,185148,2567379.8,台南市安南區、北區、中西區、安平區、官田區、麻豆區、六甲區、下營區、佳里區、七股區、將軍區、西港區、學甲區、北門區、安定區、新營區、柳營區、鹽水區、東山區、後壁區等區及白河區、善化區、大內區等部分地區。,曾文溪水系曾文溪支流大埔溪曾文水庫
6,曾文第一淨水場,182423.1848,2561694.874,台南市安南區、北區、中西區、安平區、善化區及安定區等區。,曾文淨水場取水口
6,曾文第二淨水場,182779.2049,2561688.614,台南市安南區、北區、中西區、安平區、善化區及安定區等區。,曾文淨水場取水口
6,潭頂淨水場,180333.8512,2552961.231,台南市東區、北區、南區、中西區、新市區、新化區、山上區、永康區、歸仁區、仁德區、龍崎區及關廟區等區。,曾文水庫、烏山頭水庫聯合運用
6,鏡面淨水場,197442.33,2550853.77,台南市南化區、左鎮區及高雄市內門區。,曾文溪水系曾文溪支流菜寮溪(鏡面水庫)
6,楠玉淨水場,198709.28,2569089.45,台南市玉井區、楠西區及大內區部分地區。,曾文溪水系 曾文溪支流劍文溪
7,大泉淨水場,294180.5926,2510020.567,高雄市六龜區、美濃區,大泉伏流水
7,坪頂淨水場,189023.8,2508955.5,高雄市鳳山區、大樹區、鳥松區、新興區、前金區、左營區、楠梓區及三民區,高屏溪水系高屏溪(竹子寮取水站)
7,拷潭淨水場,188236.93,2499115.13,高雄市前鎮區、小港區、林園區、鳳山區、大寮區,地下水
7,翁公園淨水場,191644.72,2500612.5,高雄市鳳山區、大寮區,翁公園淨水場12口井、高屏溪、南化水庫
7,港西淨水場,194582.65,2489549.2,---,---
7,路竹淨水場,174249.34,2525467.41,高雄市路竹區、湖內區、茄定區、永安區,阿公店水庫
7,鳳山淨水場(一期),187456,2494078,高雄市小港區、前鎮區、旗津區。                         ,高屏溪
7,鳳山淨水場(二期),187456,2494078,高雄市小港區、前鎮區、旗津區。                         ,鳳山水庫(東港溪)
7,澄清湖淨水場,183747.58,2506125.92,高雄市三民區、苓雅區、新興區、鼓山區、左營區、前鎮區、前金區、鹽埕區。,澄清湖水庫
7,嶺口淨水場,192826.7,2519341.57,高雄市楠梓區、岡山區、燕巢區、阿蓮區、田寮區,手巾寮14口井
7,手巾寮淨水場,198629.78,2529978.21,"旗山區：旗山、六張犁、圓潭、大林、尾庄、旗尾、溪州、?碡坑、圭柚腳。
內門區：永富、內南。                                                                                                                             杉林區：大愛永久屋。",手巾寮6口井
7,茂林淨水場,215457.61,2531658.47,"高雄市：茂林區茂林里、(六龜區)大津里1鄰
",茂林2口井
7,美濃淨水場,202450.39,2531941.45,高雄市：美濃區、但吉祥（一部分）、吉東（一部分）、獅子里尚未供水。,美濃3口井
7,廣興淨水場,206162.64,2535195.88,高雄市：美濃區、但吉祥（一部分）、吉東（一部分）、獅子里尚未供水。,廣興2口井
7,甲仙淨水場,208126.88,2553913.88,高雄市：(甲仙區)甲仙、仙林巷、中園、大邱園、田寮巷(又名平埔)、新榮巷(又名田寮)、公館、關山。寶隆淨水場供水轄區改由甲仙淨水場供水。,旗山溪、鹽桑溪
7,六龜淨水場,212997.79,2543528.82,高雄市：(六龜區)土瓏、東溪山莊、舊潭、六龜、木瓜溪、埔仔厝、狗寮(又名復興)、中庄、尾庄、草?,荖濃溪
7,新威淨水場,213544.51,2537011.89,六龜區新威、新寮、山寮、二坡。,荖濃溪
7,吉貝淨水場,108584.32,2627485.03,澎湖縣：白沙鄉吉貝村。,吉貝7口深井
7,木梓淨水場,204405.74,2546395.76,"高雄市：
(杉林區)木梓、木梓國小、白水泉、紅毛山、杉林國中、月眉國小、上平里、新庄里。",旗山溪
7,成功淨水場,109050.47,2608513.69,"澎湖縣：
馬公市：馬公、前寮、石泉、案山、菜園、東衛、宅腳嶼、
        澎南地區。
湖西鄉：全鄉",成功、興仁、東衛水庫
7,成功鹽井淡化廠,109050.47,2608513.69,"澎湖縣：
馬公市：馬公、前寮、石泉、案山、菜園、東衛、宅腳嶼、
        澎南地區。
湖西鄉：全鄉",成功鹽井淡化廠
7,馬公10號深井,104809.45,2607960.81,馬公市,馬公10號深井
7,馬公16號深井,103440.78,2608094.43,馬公市,馬公16號深井
7,馬公19號深井,104144.81,2609004.39,馬公市,馬公19號深井
7,馬公22號深井,104359.67,2609509.93,馬公市,馬公22號深井
7,馬公23號深井,106221.73,2606497.48,馬公市,馬公23號深井
7,馬公27號深井,105220.55,2607652.1,馬公市,馬公27號深井
7,馬公28號深井,107260.74,2608616.72,馬公市,馬公28號深井
7,馬公32號深井,105372.67,2608124.49,馬公市,馬公32號深井
7,馬公38號深井,106333.25,2606890.3,馬公市,馬公38號深井
7,馬公42號深井,105123.52,2609597.72,馬公市,馬公42號深井
7,馬公46號深井,108013.73,2606119.97,馬公市,馬公46號深井
7,馬公49號深井,107254.46,2606801.3,馬公市,馬公49號深井
7,馬公56號深井,105785.34,2606544.87,馬公市,馬公56號深井
7,馬公57號深井,105700.09,2607385.82,馬公市,馬公57號深井
7,馬公58號深井,106270.74,2606287.86,馬公市,馬公58號深井
7,馬公59號深井,81128.9,2548999.83,馬公市,馬公59號深井
7,馬公60號深井,106482.24,2606445.74,馬公市,馬公60號深井
7,馬公62號深井,106807.55,2606931.84,馬公市,馬公62號深井
7,馬公63號深井,110201.87,2605640.53,馬公市,馬公63號深井
7,馬公7號深井,105636.36,2607540.32,馬公市,馬公7號深井
7,馬公8號深井,105603.27,2607063.65,馬公市,馬公8號深井
7,馬公34號深井,105133.1,2606853.89,馬公市,馬公34號深井
7,馬公第1海水淡化廠(10，000CMD),110105.46,2605650.65,馬公市、湖西鄉,海水
7,馬公第1海水淡化廠(3，000CMD),110167.91,2605656.14,馬公市、湖西鄉,海水
7,馬公第2海水淡化廠(4，000CMD),110460.54,2605705.75,馬公市、湖西鄉,海水
7,馬公第2海水淡化廠(6，000CMD),110398.89,2605631.84,馬公市、湖西鄉,海水
7,湖西3號深井,108464.05,2610737.42,湖西鄉,湖西3號深井
7,澎南1號深井,107250.29,2604047.4,馬公市,澎南1號深井
7,澎南2號深井,107042.8,2602849.3,馬公市,澎南2號深井
7,澎南3號深井,106566.58,2603180.18,馬公市,澎南3號深井
7,澎南4號深井,105606.84,2603106.53,馬公市,澎南4號深井
7,澎南7號深井,106040.23,2603616.14,馬公市,澎南7號深井
7,澎南8號深井,106749.43,2604184.55,馬公市,澎南8號深井
7,民生淨水場,221417.24,2573853.38,"高雄市：
(那瑪夏區)達卡努瓦村。",旗山溪支流
7,寶來淨水場,219305.77,2556185.1,"高雄市：
(六龜區)寶來、建山、檨子腳、上、下荖濃、新開、新發、獅額頭。
",寶來溪
7,多納淨水場,215461.06,2531658.11,"高雄市：
(茂林區)多納里",多納1口井
7,白沙淨水場,106751.48,2618809.36,"澎湖縣：
(白沙鄉)全鄉(吉貝村除外)",白沙26口深井
7,白沙鹽井淡化廠,106751.48,2618809.36,"澎湖縣：
(白沙鄉)全鄉(吉貝村除外)",赤崁地下水庫
7,將軍鹽井淡化廠,99398.88,2585574.53,"澎湖縣：
(望安鄉)全鄉",烏溝水塘
7,望安海水淡化廠,96377.45,2585275.2,"澎湖縣：
(望安鄉)全鄉",望安海水淡化廠
7,望安淨水場,96313.63,2585350.81,"澎湖縣：
(望安鄉)全鄉",西安水庫
7,西嶼海水淡化廠,97984.42,2612868.89,"澎湖縣：
(西嶼鄉)全鄉",西嶼海水淡化廠
7,西嶼淨水場含西嶼鹽井水淡化廠,97984.42,2612868.89,"澎湖縣：
(西嶼鄉)全鄉",小池水庫
7,七美淨水場含七美鹽井水淡化廠,89686.09,2568376.58,"澎湖縣：
(七美鄉)全鄉",七美6口深井、七美水庫
7,吉貝海淡廠,109401.9594,2627520.607,澎湖縣：白沙鄉吉貝村。,海水
8,大溪淨水場,340074.47,2759586.01,礁溪鄉、頭城鎮,大溪溪
8,圳頭淨水場,317747.21,2738232.6,員山鄉湖北村,圳頭3口深井及五十溪
8,枕山淨水場,322215.85,2740609.48,員山鄉,枕山1口深井
8,金面淨水場,331366.75,2749704.84,頭城鎮及礁溪鄉,雪隧取水口
8,匏崙淨水場,322162.34,2744371.46,礁溪鄉匏崙村及龍潭村,匏崙深井
8,深溝淨水場,321373.07,2734999.24,"宜蘭市,員山鄉,壯圍鄉、礁溪鄉、頭城鎮部份行政區",深溝5口淺井及粗坑溪
8,龍潭淨水場,323837.69,2741660.51,"宜蘭市,壯圍鄉、礁溪鄉、",龍潭2口深井
8,丸山淨水場,326790.68,2726280.86,冬山行政區內,丸山3口淺井
8,大隱淨水場,322237.24,2728012.7,大?村、廣安村,大隱1口深井
8,天送埤淨水場,311667.96,2728219.64,天送埤行政區,天送埤2口深井
8,柑仔坑淨水場,315687.58,2727171.66,三星鄉行政區內三星、貴林、大義、大洲等二十村,柑仔坑1口深井及小南澳溪
8,清洲淨水場,325556.17,2734025.41,羅東五結等行政區,粗坑溪及羅東溪攔河堰伏流水
8,寒溪淨水場,319480.32,2722415.73,"大同鄉寒溪村,冬山鄉大進村,得安村,廣興村",寒溪(蘭陽溪水系)
8,照安淨水場,330430.6,2722845.39,安平高地區,深井
8,廣興淨水場,325973.7,2729590.75,羅東冬山五結等行政區,廣興2口深井及3口淺井
8,龍德淨水場,332100.48,2724310.54,"冬山鄉及蘇澳鎮,五結鄉等部分村里",龍德3口深井及新城溪
8,蘇澳淨水場,336461.7,2720783.49,蘇澳鎮區.南方澳.新馬地區.永春地區.蘇澳港區羅東鎮.冬山鄉等行政區及龍德工業區,蘇澳6口淺井
8,碧侯淨水場,329582.23,2707976.38,"南澳鄉及蘇澳鎮南強里,朝陽等大南澳地區","南澳1口深井及南澳北溪
(大南澳溪水系)"
8,松羅淨水場,307127.28,2729084.03,"大同鄉松羅,玉蘭,崙碑,牛鬥,大溪,三星鄉全區域、五結鄉全區域,羅東鎮仁愛,竹林,樹林等里",松羅溪(蘭陽溪水系)
8,英士淨水場,303412.88,2723400.4,大同鄉英士村,英士1口深井及山澗溪(蘭陽溪水系)
8,四季淨水場,293605.339,2709062.36,大同鄉四季村,蘭陽溪水系蘭陽溪四重溪
8,南山淨水場,288179.81,2703124.94,大同鄉南山村,蘭陽溪水系蘭陽溪佐得寒山澗水
8,東澳淨水場,334168.28,2713040.13,南澳鄉東岳村蘇澳鎮東澳里,"東澳2口深井及東澳北溪
(東澳溪水系)"
8,金洋淨水場,325969.48,2702256.8,南澳鄉金洋村,"金洋深井及南澳南溪
(南澳溪水系)"
8,澳花淨水場,325492.94,2691948.8,澳花村,澳花深井
9,北昌淨水場,310302.92,2654012.92,花蓮市,德興一號井
9,光華七號淨水場,308338.45,2648109.37,光華村,光華等3口井
9,光華八號淨水場,308033.68,2647277.15,光華村,光華等3口井
9,光華淨水場,310043.87,2647238.29,吉安鄉光華村,光華等3口井
9,南華淨水場,305864.077,2650057.327,吉安鄉南華村,南華等5口井
9,娑婆礑淨水場,305589.241,2655641.078,"花蓮市,吉安鄉,新城鄉",美崙溪水系娑婆礑溪南、北溪
9,國慶淨水場,309530.625,2655880.548,"花蓮市,吉安鄉,新城鄉",國慶等3口井
9,富世淨水場,313384.368,2671879.446,"富世村,崇德村",立霧溪山澗水
9,新城淨水場,316340.396,2669248.194,新城鄉,新興三號井
9,新興淨水場,315019.658,2670044.329,"富世村,崇德村",新興一.二號井
9,壽豐淨水場,302265.94,2642925.68,"壽豊鄉,吉安鄉",荖溪
9,稻香淨水場,308296.783,2650907.166,吉安鄉稻香村,稻香深井
9,和平淨水場,325416.51,2690394.57,和平村,和平深井、和平溪山澗水(枯竭、停用)
9,水璉淨水場,307291.96,2631788.01,水璉,水璉淺井
9,支亞干淨水場,294248.21,2633022.84,鳳林鎮,花蓮溪水系清水溪
9,光復淨水場,292860.323,2617638.941,光復鄉,光復等3口井
9,萬榮淨水場,292880.87,2623873.49,萬榮鄉,萬榮等2口井
9,鳳林淨水場,293352.345,2627923.651,鳳林鎮,無名溪
9,新社淨水場,304642.346,2617386.167,豐濱鄉,多普安溪
9,紅葉淨水場,283547.444,2598845.251,紅葉村,紅葉溪
9,瑞祥淨水場,286114.8375,2599074.774,花蓮縣瑞穗鄉,虎頭山取水口＼瑞祥1號深井＼瑞祥2號深井
9,舞鶴淨水場,285014.88,2595233.99,舞鶴村,瑞西村一鄰水源涵養保安林山澗水
9,富源淨水場,286528.64,2609345.31,富源村,富源深井、馬蘭溝溪
9,港口淨水場,299256.9,2596776.31,港口村,秀姑巒溪山澗水
9,三笠山淨水場,282673.535,2592286.284,"笠山村,崙山村",三笠山淺井
9,永昌淨水場,282379.8607,2582259.303,花蓮縣玉里鎮,永昌1號深井＼永昌2號深井
9,玉里淨水場,281761.89,2582544.8,玉里鎮,玉里等2口井
9,東里淨水場,280884.835,2572696.127,萬寧村,東里淺井
9,客城淨水場,281348.607,2579273.959,玉里鎮,客城深井
9,樂合淨水場,285448.98,2579556.78,東豐,樂合淺井
9,明里淨水場,275504.224,2565299.266,富里鄉,明里等2口井
9,池南淨水場,300768.78,2646056.08,池南村,荖溪
9,松浦淨水場,287605.013,2591164.787,松蒲里,松蒲淺井
9,大農淨水場,291715.1385,2612792.481,鳳林鎮,大農2口井
10,中華路淨水場,266439.9626,2517822.285,臺東縣台東市,中華路深井
10,利嘉淨水場,253415,2519125,台東縣台東市、卑南鄉,東興三號深井、東興四號窨井、利嘉三號深井、利嘉溪
10,兒五淨水場,263009.9902,2521481.14,台東縣台東市,兒五深井
10,東興一號淨水場,254552.5464,2518129.106,臺東縣台東市,東興一號井
10,知本四號淨水場,253830.8143,2511299.548,台東縣台東市,知本四號井
10,南王淨水場,260738.5595,2519327.878,台東縣台東市,南王二號井
10,建農淨水場,256905.0143,2515531.28,台東縣台東市,建農深井
10,泰安淨水場,253881,2524235,台東縣卑南鄉泰安,泰安三號深井、大巴六九溪
10,馬蘭淨水場,263858.3282,2519008.289,台東縣台東市,馬蘭深井
10,黑森林淨水場,262912,2521275,台東縣台東市,黑森林井
10,豐里淨水場,261344.1762,2515749.31,台東縣台東市,豐里深井
10,鯉魚山淨水場,264545.6127,2517163.062,臺東縣台東市,鯉魚山深井
10,初鹿淨水場,267092,2519833,台東縣卑南鄉初鹿社區,初鹿3、4號深井
10,班鳩淨水場,234937,2465226,卑南鄉美農村,斑鳩深井、無名溪
10,永安淨水場,261283,2537164,(鹿野鄉)、鹿野、和平社區、四維、永隆、永興、永安、永安高台、永樂、永昌、明野、馬背、龍田、五十戶、鸞山村之鸞山部落、梅山部落,永安深井、山澗水
10,紅葉淨水場,255524,2533622,(延平鄉)桃源、紅葉。,瓦崗溪
10,瑞源淨水場,261336,2515747,鹿野鄉瑞源村  鹿野街,瑞源深井
10,瑞豐淨水場,277855,2544503,(鹿野鄉)、瑞源、後湖、新良、日圓、瑞隆、瑞和、新豐景、寶華。,瑞豐第二深井
10,池上淨水場,271984,2557570,(池上鄉)池上、萬朝、山仔腳、新興上路、新興下路、陸安、大坡、慶豐、錦園、萬安、龍仔尾。,新興深井
10,陸安淨水場,282429,2568925,台東縣池上鄉陸安村,陸安深井
10,東庄淨水場,268820.6439,2553784.96,關山鎮日新、中慶、德高、東明等里,東莊深井
10,海端淨水場,267489,2556326,"台東縣關山鎮,海端鄉等區(德高)",新武呂溪
10,關山淨水場,262405,2549754,臺東縣關山鎮,關山二號深井、崁頂溪
10,加羅板淨水場,237298,2473535,台東縣大武鄉加羅板社區,加羅板深井、加羅板二號深井
10,和平淨水場,240370,2473373,台東縣大武鄉和平社區,和平深井
10,金崙淨水場,245256,2494462,"太麻里村,金崙村,金峰鄉,賓茂村",山澗水
10,壢坵淨水場,243727,2492547,"太麻里鄉溫泉,歷丘一帶社區",壢坵補充水源井、山澗水
10,大王淨水場,250996,2501141,台東縣太麻里鄉大王村,大王深井
10,正興淨水場,249654,2500683,台東縣金峰鄉正興,正興1、2號深井
10,沙崙淨水場,249977,2502547,台東縣太麻里鄉沙崙,沙崙深井
10,嘉蘭淨水場,252579,2519292,台東縣太麻里鄉嘉蘭村,山澗水
10,大溪淨水場,242358,2485134,台東縣太麻里鄉多良村,山澗水
10,安朔淨水場,237549,2466154,達仁鄉安朔村,安朔深井
10,森永淨水場,234937,2465226,達仁鄉森永村,森永深井
10,水母淨水場,271812,2588768,台東縣長濱鄉,水母丁溪
10,成功淨水場,287740,2560204,台東縣成功鎮、東河鄉、長濱鄉,富家溪、柑仔山溪
10,新化淨水場,235246.8732,2477300.074,達仁鄉：新化村、森茂。,新化取水口
10,愛國埔淨水場,241113,2483726,台東縣大武鄉愛國埔社區,愛國埔深井、山澗水
10,綠島淨水場,301436,2508196,台東縣綠島鄉,綠島深井、酬勤水庫
10,東清淨水場,308548,2440004,台東縣蘭嶼鄉東清村,東清溪
10,紅頭淨水場,307745,2437011,台東縣蘭嶼鄉紅頭,紅頭溪
10,朗島淨水場,306699,2442451,台東縣蘭嶼鄉朗島,朗島溪
10,土阪淨水場,238160.5182,2483993.568,達仁鄉土阪村,"土阪深井、山澗水
(流入大竹溪)"
10,台?淨水場,240845.7958,2486971.703,達仁鄉台?村,台?深井
10,利稻淨水場,252382.2425,2565128.403,台東縣海端鄉利稻村,"山澗水
(流入卑南溪)"
10,加津林淨水場,241423.0485,2479724.503,台東縣大武鄉,加津林深井
10,新興淨水場,237296.707,2482497.979,達仁鄉土阪村,土阪深井
11,大竹淨水場,207503.0358,2665607.481,彰化市、和美鎮、伸港鄉、線西鄉,大竹場等三口井
11,全興淨水場,200278.0115,2672497.517,彰化縣和美鎮伸港鄉,全興場等八口井
11,和美淨水場,200257.3634,2666583.374,彰化縣和美鎮,和美場等三口井
11,烏溪河濱淨水場,209271.1532,2665994.162,彰化縣,烏溪1口井
11,第三淨水場(彰化),201792.91,2665112.135,彰化縣和美鎮,三場等十八口井
11,嘉興淨水場,214601.9075,2656710.495,彰化縣,人工湖
11,福田淨水場,211775.1569,2662030.332,彰化縣秀水鄉,快官二口寬口井
11,線西淨水場,193067.1264,2671029.358,彰化縣彰濱工業區（線西區）及線西鄉,線西場等五口井
11,大村淨水場,205836.1116,2653665.398,彰化縣員林市,村上場三口井
11,大村第二淨水場,205310.9314,2654016.774,彰化縣大村鄉,大村二場二口井
11,大葉淨水場,207692.6995,2654070.793,彰化縣大村鄉花壇鄉,大葉場四口井
11,花壇淨水場,205053.5891,2657289.149,彰化縣員林市,花壇場等十口井
11,下壩淨水場,203410.1028,2635584.83,彰化縣溪州鄉,下壩場等五口井
11,北斗淨水場,202326.9351,2640782.474,彰化縣北斗鎮,北斗場等三口井
11,永靖淨水場,203567.8405,2647227.352,彰化縣永靖鄉,永靖場等七口井
11,埔心淨水場,203034.7544,2651071,彰化縣埔心鄉,埔心場等四口井
11,埤頭淨水場,198323.0236,2640694.378,埤頭鄉,埤頭場等三口井
11,二林淨水場,186010.494,2643214.64,彰化縣二林鎮,二林等五口井
11,竹塘淨水場,192398.2955,2639365.671,彰化縣竹塘鄉全鄉、二林鎮原斗萬合東勢、埤頭路口厝等地區,竹塘等三口井
11,芳苑淨水場,184251.3074,2646886.268,彰化縣芳苑鄉,芳苑等五口井
11,打鐵厝淨水場,195320.0063,2662193.47,彰化縣鹿港鎮,打鐵厝場等六口井
11,秀厝淨水場,191921.2894,2659181.54,彰化縣鹿港鎮、福興鄉,秀厝場等六口井
11,鹿港淨水場,193258.2993,2661854.85,彰化縣鹿港鎮,鹿港場等六口井
11,彰濱淨水場,190063.9374,2663649.479,彰化縣,彰濱等四口井
11,第一淨水場(員林),209866.8774,2649287.149,"員林市：全區(泉州寮、後壁厝、南邊田頭、南邊厝、待人坑、湖水坑、許厝、坑仔內、水尾及大明里部分地區除外)
大村鄉：美港村、擺塘村。",一場等十一口井
11,第二淨水場(員林),205617.6224,2651026.346,"員林市：全區(泉州寮、後壁厝、南邊田頭、南邊厝、待人坑、湖水坑、許厝、坑仔內、水尾及大明里部分地區除外)
大村鄉：美港村、擺塘村。",二場等十口井
11,第三淨水場(員林),207383.1044,2648529.135,"員林市：全區(泉州寮、後壁厝、南邊田頭、南邊厝、待人坑、湖水坑、許厝、坑仔內、水尾及大明里部分地區除外)
大村鄉：美港村、擺塘村。",三場等十口井
11,大丘園淨水場,213053.2361,2633585.667,二水鄉二水、文化、聖化、裕民、﹐五佰、過圳等村,大丘園場寬口井一口
11,田中淨水場,210088.4982,2638903.877,彰化縣田中鎮,田中場等十口井
11,社頭淨水場,210461.5748,2643460.125,彰化縣社頭鄉,社頭場等九口井
11,倡和淨水場,216285.5777,2634117.105,彰化縣二水鄉,倡和場等六口深井，三口寬口井
11,清水岩淨水場,210586.2848,2642147.419,彰化縣社頭鄉,清水岩等五口井
11,新民淨水場,217673.65,2635623.407,南投縣名間鄉,新民淨水場等2口深井，1口寬口井
11,第一淨水場(溪湖),197843.9147,2651529.709,"溪湖鎮：全區(竹圍(中竹里，東溪里)、湳底、頂庄、媽厝等部份地區除外)。
埔鹽鄉：全區。
二林鎮：萬興里、振興里、梅芳里、西庄里、華崙里、永興里。
田尾鄉：海豐部份地區。
秀水鄉：全區(陜西村、金興村除外)。
福興鄉：大崙村、元中村、外中村、外埔村、萬豐村、番社村、三汴村、社尾村。
永靖鄉：竹子村。
鹿港鎮：東崎里。",深井5.6.7.8號等四口
11,第二淨水場(溪湖),194829.5232,2651020.446,"溪湖鎮：全區(竹圍(中竹里，東溪里)、湳底、頂庄、媽厝等部份地區除外)。
埔鹽鄉：全區。
二林鎮：萬興里、振興里、梅芳里、西庄里、華崙里、永興里。
田尾鄉：海豐部份地區。
秀水鄉：全區(陜西村、金興村除外)。
福興鄉：大崙村、元中村、外中村、外埔村、萬豐村、番社村、三汴村、社尾村。
永靖鄉：竹子村。
鹿港鎮：東崎里。",深井1.2.3號等三口
11,福興淨水場,197861.7174,2656424.858,福興鄉,深井2.5.6.8.9.10.11.12.13號等9口
12,板新淨水場,285911.6381,2759172.582,"板橋區、新莊區、泰山區、五股區、蘆洲區、八里區、三峽區、鶯歌區、土城區、樹林區、三重區。
中和區：員富里、員山里、壽德里、明德里、清穗里、自強里、國華里、國光里、民生里、瑞穗里、德穗里、冠穗里、明穗里、民有里、嘉新里、民安里、嘉穗里、嘉慶里。
三重區：頂崁里、谷王里，五谷裡、中興里、德厚里。
林口區：太平里汕頭及崩山腳地區。
泰山區：山腳里。
龜山區：龍華里、(龍壽里、山頂里、迴龍里部分地區)。",三峽河、石門水庫(鳶山堰)
12,泰山淨水場,293190.4717,2772899.836,台北縣泰山鄉;五股鄉內軍眷村、大運新村、貿商二村、陸光一村,泰山第一、三、五水源(深井)
13,廣興淨水場,211430.2088,2515206.405,高樹鄉(廣興又名坪頂)、三地門鄉(賽嘉村)。,深井水
13,桑園淨水場,231961.2706,2451207.469,牡丹鄉：東源村、旭海村、牡丹村。,牡丹溪伏流水
13,屏北淨水場,197123.635,2510713.393,屏東市、長治鄉、萬丹鄉。,屏北深水井
13,屏東加工區淨水場,193661.552,2504297.693,"屏東市全市、營區二處、及工業區包括屏東工業區、屏東汽車專業區、華山工業用地、安鎮工業用地及清溪工業用地及屏東二代加工出口區等六處。
長治鄉火燒、三座尾、單座屋、新潭頭、外庄、庄尾、香揚腳、河唇、老潭頭等9個社區。
萬丹鄉社上、社中、社皮、磚寮、廈北、崙頂、後村村、灣內、廈南（部分）、香社（部分）、田厝（部分）、上村村（部分）、社口（部分）、加興（部分）。",屏東加工區深井
13,屏東淨水場,199037.052,2507791.814,"屏東市全市、營區二處、及工業區包括屏東工業區、屏東汽車專業區、華山工業用地、安鎮工業用地及清溪工業用地及屏東二代加工出口區等六處。
長治鄉火燒、三座尾、單座屋、新潭頭、外庄、庄尾、香揚腳、河唇、老潭頭等9個社區。
萬丹鄉社上、社中、社皮、磚寮、廈北、崙頂、後村村、灣內、廈南（部分）、香社（部分）、田厝（部分）、上村村（部分）、社口（部分）、加興（部分）。",屏東等21口井
13,頂新淨水場,196261.5378,2499313.934,屏東市、長治鄉、萬丹鄉。,頂新深井
13,萬丹淨水場,196286.4463,2499321.266,屏東縣萬丹鄉,萬丹2號井
13,餉潭1號井淨水場,210019.3652,2486722.849,新埤鄉：餉潭村。來義鄉：文樂村、望嘉村,餉潭1號井
13,餉潭淨水場,209754.3705,2486677.813,屏東縣：(新埤鄉)餉潭、(來義鄉)望嘉、文樂,餉潭2號井
13,馬兒淨水場,210898.0485,2520754.332,屏東縣：(高樹鄉)全鄉、但舊寮、司馬除外、(三地門鄉)青山、青葉、安坡、馬兒、口社又廣興、賽嘉另由廣興系統供水。,泰山1號井
13,高樹淨水場,209475.3933,2524793.167,屏東縣鹽埔鄉、高樹鄉,"高樹1.2.3號井及
阿拔泉1口深井"
13,新豐淨水場,214327.9402,2530979.802,屏東縣：(高樹鄉)全鄉、但舊寮、司馬除外、(三地門鄉)青山、青葉、安坡、馬兒、口社又廣興、賽嘉另由廣興系統供水。,新豐1號井
13,高士淨水場,234440.7078,2447397.098,牡丹鄉：高士村。,九棚溪(北側支流)
13,三和淨水場,210418.7935,2511604.135,"屏東縣：
(三地門鄉)三地
(瑪家鄉)北葉、佳義、筏灣、
三和上、中、下村。
(內埔鄉)水門、隘寮、新隘寮
(鹽埔鄉)西瓜園、久愛、錦隆
(長治鄉)日新村",三和1號井及2號井
13,內農淨水場,213070.3123,2511942.632,屏東縣三地門鄉三地村、瑪家鄉北葉村、筏灣村、涼山村、佳義村、內埔鄉水門村等,北葉3號井
13,長治百合淨水場,206737.8153,2510291.442,屏東縣長治鄉繁榮、榮華村、復興社區、大同農場、屏東客家文化園區,長治百合深井
13,禮納里淨水場,211742.109,2510034.688,屏東縣瑪家農場,禮納里水井
13,力里淨水場,213608.7363,2482013.249,來義鄉南和村、春日鄉力里村、七佳村、歸崇村、支援東港所(枋寮),力里1號井
13,南和淨水場,213326.4325,2481902.082,來義鄉南和村、春日鄉力里村、七佳村、歸崇村、支援東港所(枋寮),南和1號井
13,四春淨水場,206768.3211,2494412.579,潮州鄉：四春里。,四春深井
13,潮新淨水場,208543.8749,2491862.02,潮州鎮(四春里除外)、南州鄉、崁頂鄉、新埤鄉打鐵村、新埤村、南豐村、萬隆村、支援東港所(林邊),潮新7號及8號井、林後5號、林後6號、南岸6號井、萬隆3號井、萬隆4號井
13,瑪家淨水場,217669.9711,2508339.319,瑪家鄉：舊瑪家村部落。,隘寮溪支流
13,佳興淨水場,215141.5789,2496763.114,泰武鄉：佳興村。,佳興水源
13,吾拉魯滋淨水場,209963.1812,2500783.058,"泰武鄉：佳平村、武潭村、萬安村、馬士部落、達里部落。
萬巒鄉：赤山村。",吾拉魯滋1號井
13,佳平淨水場,211456.2253,2499207.974,"泰武鄉：佳平村、武潭村、萬安村、馬士部落、達里部落。
萬巒鄉：赤山村。",佳平深井
13,來義淨水場,215497.6855,2491993.229,"屏東縣：
(來義鄉)義林、南復興、北復興、丹林、古樓、新來義永久屋。
(泰武鄉)平和村。",來義深井
13,新來義淨水場,207243.2122,2490164.78,來義鄉來義村、丹林村、古樓村、義林村、泰武鄉平和村,"新來義1號井
、新來義2號井
"
13,屏東農場淨水場,206027.8741,2508340.434,長治鄉：榮華村、復興村、進興村、長興村、新潭村、潭頭村。內埔鄉：內埔工業區、六堆客家文化園區、豐田國小、富田國小。麟洛鄉：麟洛國中。竹田鄉：屏東監獄。,"
北勢5號井"
13,霧台淨水場,222435.6846,2515746.122,霧台鄉：全區。,隘寮南溪
13,士文淨水場,215605.1711,2474148.198,屏東縣：春日鄉,士文水源
13,古華淨水場,213213.0299,2472944.558,屏東縣：春日鄉,古華深井
13,甘棠門淨水場,195431.1954,2491683.696,"屏東縣：
東港鎮、佳冬鄉、新園鄉、崁頂鄉\、琉球鄉、枋寮鄉、林邊鄉部分地區",甘棠門14號水井
13,牡丹淨水場,227617.0049,2447997.708,"屏東縣：
(恆春鎮)(滿州鄉)(車城鄉)(枋山鄉)(南州鄉)(東港鎮)(佳冬鄉)(新園鄉)(崁頂鄉)(琉球鄉) 全鄉鎮；
(牡丹鄉)(獅子鄉)(春日鄉)(枋寮鄉)(林邊鄉)(新埤鄉)部分地區",牡丹水庫
13,枋寮淨水場,208547.368,2479451.578,"屏東縣：
枋寮鄉：枋寮、隆山、安樂、中寮、保生、天時、地利、人和、東海、大庄、太源村、內寮。
枋山鄉：加祿村。
獅子鄉：南世村、內獅。",枋寮水井
13,林邊淨水場,200784.2156,2482163.933,"屏東縣：
(南州鄉)(東港鎮)(佳冬鄉)(新園鄉)(崁頂鄉)(琉球鄉) 全鄉鎮
(春日鄉)(枋寮鄉)(林邊鄉)部分地區",林邊鄉地下水、林邊溪伏流水
13,九如淨水場,200292.7138,2514032.144,九如鄉：全鄉。,九如1號井及九如2號井
13,萬巒淨水場,211073.3821,2501295.091,屏東縣,萬巒3號井、萬巒赤山1、2號井
13,內麟淨水場,204963.4368,2507066.311,屏東縣,內埔2、3號井、麟洛1號井
13,竹田淨水場,201834.7692,2504130.608,屏東縣,竹田1、2號井
13,琉球淨水場,186469.5823,2472229.332,屏東縣琉球鄉,
13,鹽埔淨水場,203245.7152,2517766.23,屏東縣,里港1、2號、鹽埔1號原水井
